ApartmentID,Timestamp,Component,Building,Floor,Unit,LocX,LocY,LocZ,RotPitch,RotYaw,RotRoll,RotXMax,RotXMin,RotYMax,RotYMin,PerpendicularAngleDeg
1-03-301,2026.09.21-11.35.52:712,ViewCameraComponent301_0,1,03,301,-10995.473,1912.541,14670.000,0.000000,141.004155,-0.000000,80.0,-80.0,40.0,-90.0,141.0
1-03-301,2026.09.21-11.35.52:712,ViewCameraComponent301_1,1,03,301,-11267.435,1269.233,14670.000,-0.000000,-173.156936,0.000000,80.0,-80.0,40.0,-90.0,186.0
1-03-301,2026.09.21-11.35.52:712,ViewCameraComponent301_2,1,03,301,-10656.090,635.084,14664.763,-0.509646,-85.000000,-0.616662,50.0,-80.0,40.0,-90.0,261.0
1-03-302,2026.09.21-11.35.52:712,ViewCameraComponent302_0,1,03,302,-9926.731,59.213,14670.000,-0.000000,-128.574376,0.000000,50.0,-80.0,40.0,-90.0,261.0
1-03-302,2026.09.21-11.35.52:712,ViewCameraComponent302_1,1,03,302,-9113.187,-476.527,14670.000,-0.000000,-95.000000,0.000000,80.0,-80.0,40.0,-90.0,276.0
1-03-302,2026.09.21-11.35.52:712,ViewCameraComponent302_2,1,03,302,-8173.933,489.613,14670.000,-0.000000,-2.503596,0.000000,50.0,-80.0,40.0,-90.0,-9.0
1-03-303,2026.09.21-11.35.52:712,ViewCameraComponent303_0,1,03,303,-7878.165,855.627,14670.000,-0.000000,-2.668402,0.000000,50.0,-80.0,40.0,-90.0,-9.0
1-03-303,2026.09.21-11.35.52:712,ViewCameraComponent303_1,1,03,303,-7366.344,1683.803,14670.000,0.000000,38.198284,-0.000000,80.0,-80.0,40.0,-90.0,6.0
1-03-303,2026.09.21-11.35.52:713,ViewCameraComponent303_2,1,03,303,-7955.610,2401.540,14670.000,0.000000,96.962881,-0.000000,80.0,-80.0,40.0,-90.0,51.0
1-03-304,2026.09.21-11.35.52:713,ViewCameraComponent304_0,1,03,304,-8683.955,2999.019,14670.000,0.000000,33.980048,-0.000000,80.0,-80.0,40.0,-90.0,51.0
1-03-304,2026.09.21-11.35.52:713,ViewCameraComponent304_1,1,03,304,-9519.951,3422.491,14670.000,0.000000,96.034482,-0.000000,80.0,-80.0,40.0,-90.0,96.0
1-03-304,2026.09.21-11.35.52:713,ViewCameraComponent304_2,1,03,304,-10403.008,2645.825,14670.000,0.000000,141.004155,-0.000000,80.0,-80.0,40.0,-90.0,141.0
2-11-1101,2026.09.21-11.35.52:719,ViewCameraLocationComponent1101_0,2,11,1101,-5193.146,-1459.303,17880.000,-0.000000,-10.074974,0.000000,100.0,-100.0,40.0,-90.0,51.0
2-11-1101,2026.09.21-11.35.52:719,ViewCameraLocationComponent1101_2,2,11,1101,-8687.391,-2472.892,17880.000,0.000000,139.387020,-0.000000,80.0,-80.0,40.0,-90.0,141.0
2-11-1101,2026.09.21-11.35.52:719,ViewCameraLocationComponent1101_3,2,11,1101,-8833.122,-2964.666,17880.000,-0.000000,-123.554826,0.000000,100.0,-120.0,40.0,-90.0,231.0
2-11-1101,2026.09.21-11.35.52:719,ViewCameraLocationComponent1101_4,2,11,1101,-7581.151,-4106.901,17880.000,-0.000000,-93.268449,0.000000,120.0,-100.0,40.0,-90.0,231.0
2-11-1101,2026.09.21-11.35.52:719,ViewCameraLocationComponent1101_5,2,11,1101,-6063.400,-2772.554,17880.000,-0.000000,-40.812853,0.000000,80.0,-80.0,40.0,-90.0,321.0
2-11-1101,2026.09.21-11.35.52:720,ViewCameraLocationComponent1101_1,2,11,1101,-6524.945,-323.178,17880.000,0.000000,92.803529,-0.000000,100.0,-100.0,40.0,-90.0,51.0
1-04-401,2026.09.21-11.35.52:725,ViewCameraComponent401_0,1,04,401,-10693.843,2285.077,15070.000,0.000000,141.004155,-0.000000,80.0,-80.0,40.0,-90.0,141.0
1-04-401,2026.09.21-11.35.52:725,ViewCameraComponent401_1,1,04,401,-11165.183,1281.504,15070.000,-0.000000,-173.156936,0.000000,80.0,-80.0,40.0,-90.0,186.0
1-04-401,2026.09.21-11.35.52:725,ViewCameraComponent401_2,1,04,401,-10593.781,567.338,15065.293,-0.766017,-157.439050,-0.230697,80.0,-50.0,40.0,-90.0,201.0
1-04-402,2026.09.21-11.35.52:725,ViewCameraComponent402_0,1,04,402,-9858.758,-11.810,15074.686,-0.798208,-178.036321,0.053523,80.0,-50.0,40.0,-90.0,201.0
1-04-402,2026.09.21-11.35.52:725,ViewCameraComponent402_1,1,04,402,-9125.227,-376.196,15070.000,-0.000000,-98.128091,0.000000,80.0,-80.0,40.0,-90.0,276.0
1-04-402,2026.09.21-11.35.52:725,ViewCameraComponent402_2,1,04,402,-8246.412,456.026,15070.000,0.000000,11.168917,-0.000000,70.0,-70.0,40.0,-90.0,321.0
1-04-403,2026.09.21-11.35.52:725,ViewCameraComponent403_0,1,04,403,-7818.095,932.921,15070.000,-0.000000,-93.422645,0.000000,80.0,-50.0,40.0,-90.0,291.0
1-04-403,2026.09.21-11.35.52:725,ViewCameraComponent403_1,1,04,403,-7473.301,1683.399,15070.000,0.000000,5.404224,-0.000000,80.0,-80.0,40.0,-90.0,6.0
1-04-403,2026.09.21-11.35.52:725,ViewCameraComponent403_2,1,04,403,-8027.818,2312.169,15070.000,0.000000,94.305992,-0.000000,70.0,-70.0,40.0,-90.0,51.0
1-04-404,2026.09.21-11.35.52:725,ViewCameraComponent404_0,1,04,404,-8326.248,2705.547,15070.000,0.000000,24.844871,-0.000000,80.0,-80.0,40.0,-90.0,51.0
1-04-404,2026.09.21-11.35.52:725,ViewCameraComponent404_1,1,04,404,-9509.088,3319.735,15070.000,0.000000,96.034482,-0.000000,80.0,-80.0,40.0,-90.0,96.0
1-04-404,2026.09.21-11.35.52:725,ViewCameraComponent404_2,1,04,404,-10099.525,3020.650,15070.000,0.000000,128.887002,-0.000000,80.0,-80.0,40.0,-90.0,141.0
1-02-201,2026.09.21-11.35.52:734,ViewCameraComponent201_0,1,02,201,-10609.557,2216.833,14270.000,-10.217350,117.664833,0.000000,80.0,-80.0,40.0,-90.0,141.0
1-02-201,2026.09.21-11.35.52:734,ViewCameraComponent201_1,1,02,201,-11165.183,1281.504,14270.000,-15.644937,173.864882,0.000000,80.0,-80.0,40.0,-90.0,186.0
1-02-201,2026.09.21-11.35.52:734,ViewCameraComponent201_2,1,02,201,-10515.399,556.355,14271.161,-10.292114,-85.000000,0.000000,80.0,-80.0,40.0,-90.0,231.0
1-02-204,2026.09.21-11.35.52:734,ViewCameraComponent204_2,1,02,204,-10014.014,2951.415,14270.000,-10.134241,141.004155,0.000000,80.0,-80.0,40.0,-90.0,141.0
1-02-204,2026.09.21-11.35.52:734,ViewCameraComponent204_1,1,02,204,-9509.088,3319.735,14270.000,0.000000,85.000000,0.000000,80.0,-80.0,40.0,-90.0,96.0
1-02-204,2026.09.21-11.35.52:734,ViewCameraComponent204_0,1,02,204,-8756.828,2906.170,14270.000,0.000000,19.385858,-0.000000,80.0,-80.0,40.0,-90.0,51.0
1-02-203,2026.09.21-11.35.52:734,ViewCameraComponent203_2,1,02,203,-8027.818,2312.169,14270.000,0.000000,83.824381,-0.000000,80.0,-80.0,40.0,-90.0,51.0
1-02-202,2026.09.21-11.35.52:734,ViewCameraComponent202_0,1,02,202,-9787.928,-39.653,14270.945,0.000000,-105.394311,0.000000,80.0,-80.0,40.0,-90.0,231.0
1-02-203,2026.09.21-11.35.52:734,ViewCameraComponent203_1,1,02,203,-7474.210,1662.721,14270.000,0.000000,0.000000,-0.000000,80.0,-80.0,40.0,-90.0,6.0
1-02-203,2026.09.21-11.35.52:734,ViewCameraComponent203_0,1,02,203,-7805.503,999.595,14270.000,-0.000000,-28.188078,0.000000,80.0,-80.0,40.0,-90.0,-39.0
1-02-202,2026.09.21-11.35.52:734,ViewCameraComponent202_2,1,02,202,-8246.412,456.026,14270.000,-0.000000,-2.505334,0.000000,80.0,-80.0,40.0,-90.0,-39.0
1-02-202,2026.09.21-11.35.52:734,ViewCameraComponent202_1,1,02,202,-9125.227,-376.196,14270.000,-0.000000,-95.000000,0.000000,80.0,-80.0,40.0,-90.0,276.0
2-06-601,2026.09.21-11.35.52:742,ViewCameraComponent601_0,2,06,601,-8687.131,-2468.206,15880.000,0.000000,139.387020,-0.000000,80.0,-80.0,40.0,-90.0,141.0
2-06-601,2026.09.21-11.35.52:742,ViewCameraComponent601_1,2,06,601,-8474.559,-3612.053,15880.000,-0.000000,-90.859296,0.000000,50.0,-70.0,40.0,-90.0,231.0
2-06-602,2026.09.21-11.35.52:742,ViewCameraComponent602_0,2,06,602,-8116.983,-3911.924,15880.000,-0.000000,-91.880998,0.000000,50.0,-70.0,40.0,-90.0,231.0
2-06-602,2026.09.21-11.35.52:742,ViewCameraComponent602_1,2,06,602,-6659.158,-3507.626,15880.000,-0.000000,-40.812853,0.000000,80.0,-80.0,40.0,-90.0,321.0
2-06-603,2026.09.21-11.35.52:742,ViewCameraComponent603_0,2,06,603,-6070.643,-2765.394,15880.000,-0.000000,-40.812853,0.000000,80.0,-80.0,40.0,-90.0,321.0
2-06-603,2026.09.21-11.35.52:742,ViewCameraComponent603_2,2,06,603,-5677.018,-895.084,15880.000,0.000000,85.556222,-0.000000,50.0,-70.0,40.0,-90.0,51.0
2-06-604,2026.09.21-11.35.52:742,ViewCameraComponent604_0,2,06,604,-6408.349,-301.703,15880.000,0.000000,50.052111,-0.000000,80.0,-80.0,40.0,-90.0,51.0
2-06-604,2026.09.21-11.35.52:742,ViewCameraComponent604_1,2,06,604,-6630.337,-89.016,15880.000,0.000000,107.678583,-0.000000,70.0,-70.0,40.0,-90.0,86.0
2-06-604,2026.09.21-11.35.52:742,ViewCameraComponent604_2,2,06,604,-7791.710,-1369.006,15880.000,0.000000,171.984999,-0.000000,80.0,-80.0,40.0,-90.0,141.0
2-06-603,2026.09.21-11.35.52:742,ViewCameraComponent603_1,2,06,603,-5177.473,-1672.884,15880.000,0.000000,1.177075,-0.000000,80.0,-80.0,40.0,-90.0,321.0
2-05-501,2026.09.21-11.35.52:750,ViewCameraComponent501_0,2,05,501,-8687.131,-2468.206,15480.000,0.000000,139.387020,-0.000000,80.0,-80.0,40.0,-90.0,141.0
2-05-501,2026.09.21-11.35.52:750,ViewCameraComponent501_1,2,05,501,-8659.695,-3449.398,15480.000,-0.000000,-90.653283,0.000000,70.0,-50.0,40.0,-90.0,231.0
2-05-502,2026.09.21-11.35.52:753,ViewCameraComponent502_0,2,05,502,-7931.502,-4044.551,15480.000,-0.000000,-95.128635,0.000000,70.0,-50.0,40.0,-90.0,231.0
2-05-502,2026.09.21-11.35.52:753,ViewCameraComponent502_1,2,05,502,-6960.955,-3857.103,15480.000,-0.000000,-38.469847,0.000000,80.0,-80.0,40.0,-90.0,321.0
2-05-503,2026.09.21-11.35.52:753,ViewCameraComponent503_0,2,05,503,-6358.888,-3137.298,15480.000,-0.000000,-71.971952,0.000000,80.0,-80.0,40.0,-90.0,321.0
2-05-504,2026.09.21-11.35.52:753,ViewCameraComponent504_0,2,05,504,-5771.733,-2410.457,15480.000,-0.000000,-74.428116,0.000000,80.0,-80.0,40.0,-90.0,321.0
2-05-504,2026.09.21-11.35.52:753,ViewCameraComponent504_2,2,05,504,-5508.309,-1048.175,15480.000,0.000000,47.778526,-0.000000,70.0,-50.0,40.0,-90.0,51.0
2-05-505,2026.09.21-11.35.52:753,ViewCameraComponent505_0,2,05,505,-6229.008,-463.441,15480.000,0.000000,50.052111,-0.000000,70.0,-50.0,40.0,-90.0,51.0
2-05-505,2026.09.21-11.35.52:753,ViewCameraComponent505_1,2,05,505,-6892.341,-278.594,15480.000,0.000000,89.121866,-0.000000,80.0,-80.0,40.0,-90.0,141.0
2-05-504,2026.09.21-11.35.52:753,ViewCameraComponent504_1,2,05,504,-5186.219,-1670.469,15480.000,-0.000000,-36.313351,0.000000,80.0,-80.0,40.0,-90.0,321.0
2-07-701,2026.09.21-11.35.52:758,ViewCameraComponent701_0,2,07,701,-8695.776,-2460.793,16280.000,0.000000,139.387020,-0.000000,80.0,-80.0,40.0,-90.0,141.0
2-07-701,2026.09.21-11.35.52:759,ViewCameraComponent701_2,2,07,701,-6659.158,-3507.626,16280.000,-0.000000,-40.812853,0.000000,80.0,-80.0,40.0,-90.0,321.0
2-07-702,2026.09.21-11.35.52:759,ViewCameraComponent702_0,2,07,702,-6076.359,-2763.210,16280.000,-0.000000,-68.885684,0.000000,80.0,-80.0,40.0,-90.0,321.0
2-07-702,2026.09.21-11.35.52:759,ViewCameraComponent702_2,2,07,702,-5492.622,-1062.785,16280.000,0.000000,82.152952,-0.000000,70.0,-50.0,40.0,-90.0,51.0
2-07-703,2026.09.21-11.35.52:759,ViewCameraComponent703_0,2,07,703,-6222.777,-451.706,16280.000,0.000000,69.796729,-0.000000,70.0,-50.0,40.0,-90.0,51.0
2-07-703,2026.09.21-11.35.52:759,ViewCameraComponent703_1,2,07,703,-6893.299,-280.076,16280.000,0.000000,78.616080,-0.000000,80.0,-80.0,40.0,-90.0,141.0
2-07-703,2026.09.21-11.35.52:759,ViewCameraComponent703_2,2,07,703,-7791.710,-1369.006,16280.000,0.000000,171.471037,-0.000000,80.0,-80.0,40.0,-90.0,141.0
2-07-701,2026.09.21-11.35.52:759,ViewCameraComponent701_1,2,07,701,-7564.604,-4330.654,16280.000,-0.000000,-99.496262,0.000000,70.0,-50.0,40.0,-90.0,231.0
2-07-702,2026.09.21-11.35.52:759,ViewCameraComponent702_1,2,07,702,-5184.848,-1661.265,16280.000,-0.000000,-14.071714,0.000000,80.0,-80.0,40.0,-90.0,321.0
2-08-801,2026.09.21-11.35.52:770,ViewCameraComponent801_0,2,08,801,-8695.776,-2460.793,16680.000,0.000000,139.387020,-0.000000,80.0,-80.0,40.0,-90.0,141.0
2-08-801,2026.09.21-11.35.52:770,ViewCameraComponent801_1,2,08,801,-8258.219,-3798.711,16680.000,-0.000000,-85.548613,0.000000,50.0,-50.0,40.0,-90.0,261.0
2-08-801,2026.09.21-11.35.52:770,ViewCameraComponent801_2,2,08,801,-6963.404,-3859.939,16680.000,-0.000000,-40.812853,0.000000,80.0,-80.0,40.0,-90.0,321.0
2-08-802,2026.09.21-11.35.52:770,ViewCameraComponent802_0,2,08,802,-6079.722,-2767.103,16680.000,-0.000000,-40.812853,0.000000,80.0,-80.0,40.0,-90.0,321.0
2-08-802,2026.09.21-11.35.52:770,ViewCameraComponent802_2,2,08,802,-5680.164,-907.341,16680.000,0.000000,87.514448,-0.000000,50.0,-70.0,40.0,-90.0,51.0
2-08-803,2026.09.21-11.35.52:770,ViewCameraComponent803_0,2,08,803,-6411.714,-306.015,16680.000,0.000000,51.235929,-0.000000,50.0,-70.0,40.0,-90.0,51.0
2-08-803,2026.09.21-11.35.52:770,ViewCameraComponent803_1,2,08,803,-6630.461,-88.612,16680.000,0.000000,77.225140,-0.000000,70.0,-70.0,40.0,-90.0,86.0
2-08-803,2026.09.21-11.35.52:770,ViewCameraComponent803_2,2,08,803,-7791.710,-1369.006,16680.000,0.000000,167.279433,-0.000000,80.0,-80.0,40.0,-90.0,141.0
2-08-802,2026.09.21-11.35.52:771,ViewCameraComponent802_1,2,08,802,-5175.346,-1677.770,16680.000,-0.000000,-14.560479,0.000000,80.0,-80.0,40.0,-90.0,321.0
2-09-901,2026.09.21-11.35.52:781,ViewCameraComponent901_0,2,09,901,-8695.776,-2460.793,17080.000,0.000000,139.387020,-0.000000,80.0,-80.0,40.0,-90.0,141.0
2-09-901,2026.09.21-11.35.52:781,ViewCameraComponent901_1,2,09,901,-8288.553,-3762.757,17080.000,-0.000000,-86.192043,0.000000,80.0,-80.0,40.0,-90.0,231.0
2-09-901,2026.09.21-11.35.52:781,ViewCameraComponent901_2,2,09,901,-6659.158,-3507.626,17080.000,-0.000000,-40.812853,0.000000,80.0,-80.0,40.0,-90.0,321.0
2-09-902,2026.09.21-11.35.52:781,ViewCameraComponent902_0,2,09,902,-5756.859,-2417.584,17080.000,-0.000000,-40.812853,0.000000,80.0,-80.0,40.0,-90.0,321.0
2-09-902,2026.09.21-11.35.52:781,ViewCameraComponent902_1,2,09,902,-5834.689,-734.167,17080.000,0.000000,47.778526,-0.000000,70.0,-50.0,40.0,-90.0,51.0
2-09-902,2026.09.21-11.35.52:781,ViewCameraComponent902_2,2,09,902,-6912.836,-305.993,17080.000,0.000000,87.293789,-0.000000,80.0,-80.0,40.0,-90.0,141.0
2-10-1001,2026.09.21-11.35.52:787,ViewCameraComponent1001_0,2,10,1001,-8684.172,-2476.326,17480.000,0.000000,139.387020,-0.000000,80.0,-80.0,40.0,-90.0,141.0
2-10-1001,2026.09.21-11.35.52:787,ViewCameraComponent1001_1,2,10,1001,-8248.903,-3824.337,17480.000,-0.000000,-81.458669,0.000000,40.0,-80.0,40.0,-90.0,261.0
2-10-1001,2026.09.21-11.35.52:787,ViewCameraComponent1001_2,2,10,1001,-6666.211,-3492.998,17480.000,-0.000000,-40.812853,0.000000,80.0,-80.0,40.0,-90.0,321.0
2-10-1002,2026.09.21-11.35.52:787,ViewCameraComponent1002_0,2,10,1002,-5756.859,-2417.584,17480.000,-0.000000,-40.812853,0.000000,80.0,-80.0,40.0,-90.0,321.0
2-10-1002,2026.09.21-11.35.52:787,ViewCameraComponent1002_1,2,10,1002,-5685.695,-902.797,17480.000,0.000000,47.778526,-0.000000,50.0,-70.0,40.0,-90.0,51.0
2-10-1002,2026.09.21-11.35.52:787,ViewCameraComponent1002_2,2,10,1002,-6620.399,-71.020,17480.000,0.000000,85.609553,-0.000000,80.0,-80.0,40.0,-90.0,86.0
2-10-1002,2026.09.21-11.35.52:787,ViewCameraComponent1002_3,2,10,1002,-7495.458,-995.145,17480.000,-0.000000,-179.615262,0.000000,80.0,-80.0,40.0,-90.0,141.0
1-05-501,2026.09.21-11.35.52:794,ViewCameraComponent501_1,1,05,501,-11267.435,1269.233,15470.000,0.000000,179.764580,-0.000000,80.0,-80.0,40.0,-90.0,186.0
1-05-501,2026.09.21-11.35.52:794,ViewCameraComponent501_2,1,05,501,-10295.573,357.652,15469.979,-0.000000,-161.068801,0.000000,50.0,-80.0,40.0,-90.0,261.0
1-05-501,2026.09.21-11.35.52:794,ViewCameraComponent501_3,1,05,501,-9113.187,-476.527,15470.000,-0.000000,-95.194434,0.000000,80.0,-80.0,40.0,-90.0,276.0
1-05-502,2026.09.21-11.35.52:794,ViewCameraComponent502_2,1,05,502,-7955.610,2401.540,15470.000,0.000000,86.321836,-0.000000,80.0,-80.0,40.0,-90.0,51.0
1-05-503,2026.09.21-11.35.52:794,ViewCameraComponent503_0,1,05,503,-8683.955,2999.019,15470.000,0.000000,29.475789,-0.000000,80.0,-80.0,40.0,-90.0,51.0
1-05-503,2026.09.21-11.35.52:794,ViewCameraComponent503_1,1,05,503,-9519.951,3422.491,15470.000,0.000000,110.453457,-0.000000,80.0,-80.0,40.0,-90.0,96.0
1-05-503,2026.09.21-11.35.52:794,ViewCameraComponent503_2,1,05,503,-10403.008,2645.825,15470.000,0.000000,133.679625,-0.000000,80.0,-80.0,40.0,-90.0,141.0
1-05-502,2026.09.21-11.35.52:795,ViewCameraComponent502_0,1,05,502,-7878.165,855.627,15470.000,-0.000000,-2.668402,0.000000,50.0,-80.0,40.0,-90.0,-9.0
1-05-502,2026.09.21-11.35.52:795,ViewCameraComponent502_1,1,05,502,-7366.344,1683.803,15470.000,0.000000,38.674064,-0.000000,80.0,-80.0,40.0,-90.0,6.0
1-05-501,2026.09.21-11.35.52:795,ViewCameraComponent501_0,1,05,501,-10996.189,1913.198,15470.000,0.000000,125.631541,-0.000000,80.0,-80.0,40.0,-90.0,141.0
1-07-701,2026.09.21-11.35.52:804,ViewCameraComponent701_0,1,07,701,-10995.473,1912.541,16270.000,0.000000,133.336464,-0.000000,80.0,-80.0,40.0,-90.0,141.0
1-07-701,2026.09.21-11.35.52:805,ViewCameraComponent701_1,1,07,701,-11267.435,1269.233,16270.000,-0.000000,-164.855825,0.000000,80.0,-80.0,40.0,-90.0,186.0
1-07-701,2026.09.21-11.35.52:805,ViewCameraComponent701_2,1,07,701,-10149.313,256.618,16270.000,-0.000000,-128.936857,0.000000,70.0,-70.0,40.0,-90.0,231.0
1-07-702,2026.09.21-11.35.52:805,ViewCameraComponent702_1,1,07,702,-7370.487,1683.399,16270.000,0.000000,30.455579,-0.000000,80.0,-80.0,40.0,-90.0,6.0
1-07-702,2026.09.21-11.35.52:805,ViewCameraComponent702_2,1,07,702,-7946.102,2396.918,16270.000,0.000000,74.075215,-0.000000,80.0,-80.0,40.0,-90.0,51.0
1-07-703,2026.09.21-11.35.52:805,ViewCameraComponent703_0,1,07,703,-8683.955,2999.019,16270.000,0.000000,29.903377,-0.000000,80.0,-80.0,40.0,-90.0,51.0
1-07-703,2026.09.21-11.35.52:805,ViewCameraComponent703_1,1,07,703,-9519.951,3422.491,16270.000,0.000000,114.043424,-0.000000,80.0,-80.0,40.0,-90.0,96.0
1-07-703,2026.09.21-11.35.52:805,ViewCameraComponent703_2,1,07,703,-10403.008,2645.825,16270.000,0.000000,130.369957,-0.000000,80.0,-80.0,40.0,-90.0,141.0
1-07-701,2026.09.21-11.35.52:805,ViewCameraComponent701_4,1,07,701,-8173.933,489.613,16270.000,0.000000,12.150014,-0.000000,50.0,-80.0,40.0,-90.0,-9.0
1-07-701,2026.09.21-11.35.52:805,ViewCameraComponent701_3,1,07,701,-9113.187,-476.527,16270.000,-0.000000,-95.194434,0.000000,80.0,-80.0,40.0,-90.0,276.0
1-07-702,2026.09.21-11.35.52:805,ViewCameraComponent702_0,1,07,702,-7892.753,864.031,16270.000,0.000000,5.226954,-0.000000,50.0,-80.0,40.0,-90.0,-9.0
1-09-901,2026.09.21-11.35.52:815,ViewCameraComponent901_0,1,09,901,-10995.473,1912.541,17070.000,0.000000,141.004155,-0.000000,80.0,-80.0,40.0,-90.0,141.0
1-09-901,2026.09.21-11.35.52:815,ViewCameraComponent901_1,1,09,901,-11267.435,1269.233,17070.000,-0.000000,-173.156936,0.000000,80.0,-80.0,40.0,-90.0,186.0
1-09-901,2026.09.21-11.35.52:815,ViewCameraComponent901_2,1,09,901,-10155.959,268.049,17070.000,-0.000000,-128.936855,0.000000,70.0,-70.0,40.0,-90.0,231.0
1-09-901,2026.09.21-11.35.52:815,ViewCameraComponent901_3,1,09,901,-9108.069,-472.307,17070.000,-0.000000,-92.084847,0.000000,80.0,-80.0,40.0,-90.0,276.0
1-09-901,2026.09.21-11.35.52:816,ViewCameraComponent901_4,1,09,901,-8497.032,130.397,17070.000,0.000000,20.720784,-0.000000,50.0,-80.0,40.0,-90.0,351.0
1-09-902,2026.09.21-11.35.52:816,ViewCameraComponent902_0,1,09,902,-8100.284,640.970,17070.000,-0.000000,-95.272227,0.000000,70.0,-70.0,40.0,-90.0,321.0
1-09-902,2026.09.21-11.35.52:816,ViewCameraComponent902_1,1,09,902,-7370.487,1683.399,17070.000,0.000000,0.000000,-0.000000,80.0,-80.0,40.0,-90.0,6.0
1-09-902,2026.09.21-11.35.52:816,ViewCameraComponent902_2,1,09,902,-8683.955,2999.019,17070.000,0.000000,51.063144,-0.000000,80.0,-80.0,40.0,-90.0,51.0
1-09-902,2026.09.21-11.35.52:816,ViewCameraComponent902_3,1,09,902,-9519.951,3422.491,17070.000,0.000000,96.034482,-0.000000,80.0,-80.0,40.0,-90.0,96.0
1-09-902,2026.09.21-11.35.52:816,ViewCameraComponent902_4,1,09,902,-10403.008,2645.825,17070.000,0.000000,141.004155,-0.000000,80.0,-80.0,40.0,-90.0,141.0
1-06-603,2026.09.21-11.35.52:825,ViewCameraComponent603_1,1,06,603,-9509.088,3319.735,15870.000,0.000000,112.101204,-0.000000,80.0,-80.0,40.0,-90.0,96.0
1-06-603,2026.09.21-11.35.52:826,ViewCameraComponent603_0,1,06,603,-8326.248,2705.547,15870.000,0.000000,32.590688,-0.000000,80.0,-80.0,40.0,-90.0,51.0
1-06-603,2026.09.21-11.35.52:826,ViewCameraComponent603_2,1,06,603,-10099.525,3020.650,15870.000,0.000000,132.098563,-0.000000,80.0,-80.0,40.0,-90.0,141.0
1-06-601,2026.09.21-11.35.52:826,ViewCameraComponent601_0,1,06,601,-10693.843,2285.077,15870.000,0.000000,131.935187,-0.000000,80.0,-80.0,40.0,-90.0,141.0
1-06-601,2026.09.21-11.35.52:826,ViewCameraComponent601_1,1,06,601,-11165.183,1281.504,15870.000,-0.000000,-167.561878,0.000000,80.0,-80.0,40.0,-90.0,186.0
1-06-601,2026.09.21-11.35.52:826,ViewCameraComponent601_3,1,06,601,-9125.227,-376.196,15870.000,-0.000000,-90.332841,0.000000,80.0,-80.0,40.0,-90.0,276.0
1-06-601,2026.09.21-11.35.52:826,ViewCameraComponent601_2,1,06,601,-10226.426,286.798,15868.971,-0.798938,-177.152666,0.041207,80.0,-50.0,40.0,-90.0,201.0
1-06-601,2026.09.21-11.35.52:826,ViewCameraComponent601_4,1,06,601,-8568.563,116.811,15870.000,0.000000,6.005001,-0.000000,55.0,-50.0,40.0,-90.0,321.0
1-06-602,2026.09.21-11.35.52:826,ViewCameraComponent602_0,1,06,602,-7818.095,932.921,15870.000,-0.000000,-98.026564,0.000000,80.0,-50.0,40.0,-90.0,291.0
1-06-602,2026.09.21-11.35.52:826,ViewCameraComponent602_1,1,06,602,-7473.301,1683.399,15870.000,0.000000,0.000000,-0.000000,80.0,-80.0,40.0,-90.0,6.0
1-06-602,2026.09.21-11.35.52:826,ViewCameraComponent602_2,1,06,602,-8027.818,2312.169,15870.000,0.000000,72.309996,-0.000000,70.0,-70.0,40.0,-90.0,51.0
2-02-202,2026.09.21-11.35.52:837,ViewCameraComponent202_0,2,02,202,-8109.094,-3918.908,14280.000,-9.166293,-129.626260,3.111578,50.0,-70.0,40.0,-90.0,231.0
2-02-202,2026.09.21-11.35.52:837,ViewCameraComponent202_1,2,02,202,-6960.955,-3857.103,14280.000,-0.000000,-73.882798,0.000000,80.0,-80.0,40.0,-90.0,321.0
2-02-201,2026.09.21-11.35.52:837,ViewCameraComponent201_0,2,02,201,-8687.131,-2468.206,14280.000,0.000000,156.540326,-0.000000,80.0,-80.0,40.0,-90.0,141.0
2-02-201,2026.09.21-11.35.52:837,ViewCameraComponent201_1,2,02,201,-8474.559,-3612.053,14280.000,-9.670110,-131.516540,-0.000000,50.0,-70.0,40.0,-90.0,231.0
2-02-203,2026.09.21-11.35.52:837,ViewCameraComponent203_0,2,02,203,-6644.463,-3514.012,14280.000,-0.000000,-75.362698,0.000000,80.0,-80.0,40.0,-90.0,321.0
2-02-204,2026.09.21-11.35.52:837,ViewCameraComponent204_0,2,02,204,-5771.733,-2410.457,14280.000,-0.000000,-80.055345,0.000000,80.0,-80.0,40.0,-90.0,321.0
2-02-204,2026.09.21-11.35.52:837,ViewCameraComponent204_2,2,02,204,-5682.394,-890.205,14280.000,0.000000,47.778526,-0.000000,50.0,-70.0,40.0,-90.0,51.0
2-02-205,2026.09.21-11.35.52:837,ViewCameraComponent205_0,2,02,205,-6408.349,-301.703,14280.000,0.000000,50.052111,-0.000000,50.0,-70.0,40.0,-90.0,51.0
2-02-205,2026.09.21-11.35.52:837,ViewCameraComponent205_1,2,02,205,-7171.661,-633.308,14280.000,0.000000,92.417063,-0.000000,80.0,-80.0,40.0,-90.0,141.0
2-02-204,2026.09.21-11.35.52:837,ViewCameraComponent204_1,2,02,204,-5194.995,-1676.096,14280.000,-0.000000,-5.572813,0.000000,80.0,-80.0,40.0,-90.0,321.0
2-03-303,2026.09.21-11.35.52:850,ViewCameraComponent303_0,2,03,303,-6679.305,-3519.149,14680.000,-9.049085,-74.256760,0.000000,80.0,-80.0,40.0,-90.0,321.0
2-03-305,2026.09.21-11.35.52:850,ViewCameraComponent305_1,2,03,305,-7181.297,-659.656,14680.000,0.000000,109.385427,-0.000000,80.0,-80.0,40.0,-90.0,141.0
2-03-305,2026.09.21-11.35.52:850,ViewCameraComponent305_0,2,03,305,-6225.890,-454.522,14680.000,0.000000,50.052111,-0.000000,70.0,-50.0,40.0,-90.0,51.0
2-03-304,2026.09.21-11.35.52:850,ViewCameraComponent304_2,2,03,304,-5501.733,-1054.142,14680.000,0.000000,58.211877,-0.000000,70.0,-50.0,40.0,-90.0,51.0
2-03-304,2026.09.21-11.35.52:850,ViewCameraComponent304_0,2,03,304,-5771.733,-2410.457,14680.000,-9.475964,-85.154183,0.000000,80.0,-80.0,40.0,-90.0,321.0
2-03-302,2026.09.21-11.35.52:850,ViewCameraComponent302_1,2,03,302,-6960.955,-3857.103,14680.000,-9.056912,-87.952719,1.629736,80.0,-80.0,40.0,-90.0,321.0
2-03-302,2026.09.21-11.35.52:850,ViewCameraComponent302_0,2,03,302,-7947.170,-4062.250,14680.000,-8.664970,-150.812179,3.019340,70.0,-50.0,40.0,-90.0,231.0
2-03-301,2026.09.21-11.35.52:850,ViewCameraComponent301_1,2,03,301,-8651.889,-3455.073,14680.000,-9.074833,-110.987778,-0.000000,70.0,-50.0,40.0,-90.0,231.0
2-03-301,2026.09.21-11.35.52:850,ViewCameraComponent301_0,2,03,301,-8687.131,-2468.206,14680.000,0.000000,139.387020,-0.000000,80.0,-80.0,40.0,-90.0,141.0
2-03-304,2026.09.21-11.35.52:850,ViewCameraComponent304_1,2,03,304,-5187.337,-1672.597,14680.000,0.000000,10.785967,-0.000000,80.0,-80.0,40.0,-90.0,321.0
2-04-403,2026.09.21-11.35.52:864,ViewCameraComponent403_0,2,04,403,-6653.335,-3500.883,15080.000,-0.000000,-59.615586,0.000000,80.0,-80.0,40.0,-90.0,321.0
2-04-405,2026.09.21-11.35.52:864,ViewCameraComponent405_1,2,04,405,-6891.541,-273.484,15080.000,0.000000,85.244927,-0.000000,80.0,-80.0,40.0,-90.0,141.0
2-04-405,2026.09.21-11.35.52:864,ViewCameraComponent405_0,2,04,405,-6408.349,-301.703,15080.000,0.000000,50.052111,-0.000000,50.0,-70.0,40.0,-90.0,51.0
2-04-404,2026.09.21-11.35.52:864,ViewCameraComponent404_2,2,04,404,-5682.394,-890.205,15080.000,0.000000,47.778526,-0.000000,50.0,-70.0,40.0,-90.0,51.0
2-04-404,2026.09.21-11.35.52:864,ViewCameraComponent404_0,2,04,404,-5771.733,-2410.457,15080.000,-0.000000,-71.112831,0.000000,80.0,-80.0,40.0,-90.0,321.0
2-04-402,2026.09.21-11.35.52:864,ViewCameraComponent402_1,2,04,402,-6960.955,-3857.103,15080.000,-0.000000,-62.331766,0.000000,80.0,-80.0,40.0,-90.0,321.0
2-04-402,2026.09.21-11.35.52:864,ViewCameraComponent402_0,2,04,402,-8109.094,-3918.908,15080.000,-0.000000,-97.305962,0.000000,50.0,-70.0,40.0,-90.0,231.0
2-04-401,2026.09.21-11.35.52:864,ViewCameraComponent401_1,2,04,401,-8474.559,-3612.053,15080.000,-0.000000,-104.098404,0.000000,50.0,-70.0,40.0,-90.0,231.0
2-04-401,2026.09.21-11.35.52:864,ViewCameraComponent401_0,2,04,401,-8687.131,-2468.206,15080.000,0.000000,139.387020,-0.000000,80.0,-80.0,40.0,-90.0,141.0
2-04-404,2026.09.21-11.35.52:864,ViewCameraComponent404_1,2,04,404,-5170.850,-1664.929,15080.000,0.000000,17.362142,-0.000000,80.0,-80.0,40.0,-90.0,321.0
1-08-801,2026.09.21-11.35.52:875,ViewCameraComponent801_0,1,08,801,-10693.843,2285.077,16670.000,0.000000,141.004155,-0.000000,80.0,-80.0,40.0,-90.0,141.0
1-08-801,2026.09.21-11.35.52:875,ViewCameraComponent801_1,1,08,801,-11165.183,1281.504,16670.000,-0.000000,-173.156936,0.000000,80.0,-80.0,40.0,-90.0,186.0
1-08-801,2026.09.21-11.35.52:875,ViewCameraComponent801_2,1,08,801,-10226.426,286.798,16670.000,-0.000000,-174.200003,0.000000,80.0,-80.0,40.0,-90.0,201.0
1-08-801,2026.09.21-11.35.52:875,ViewCameraComponent801_3,1,08,801,-9125.227,-376.196,16670.000,-0.000000,-97.077879,0.000000,80.0,-80.0,40.0,-90.0,276.0
1-08-801,2026.09.21-11.35.52:875,ViewCameraComponent801_4,1,08,801,-8246.412,456.026,16670.000,0.000000,9.854466,-0.000000,70.0,-70.0,40.0,-90.0,-39.0
1-08-802,2026.09.21-11.35.52:875,ViewCameraComponent802_4,1,08,802,-10099.525,3020.650,16670.000,0.000000,141.004155,-0.000000,80.0,-80.0,40.0,-90.0,141.0
1-08-802,2026.09.21-11.35.52:875,ViewCameraComponent802_3,1,08,802,-9509.088,3319.735,16670.000,0.000000,96.034482,-0.000000,80.0,-80.0,40.0,-90.0,96.0
1-08-802,2026.09.21-11.35.52:875,ViewCameraComponent802_2,1,08,802,-8326.248,2705.547,16670.000,0.000000,51.063144,-0.000000,80.0,-80.0,40.0,-90.0,51.0
1-08-802,2026.09.21-11.35.52:875,ViewCameraComponent802_1,1,08,802,-7473.301,1683.399,16670.000,0.000000,0.000000,-0.000000,80.0,-80.0,40.0,-90.0,6.0
1-08-802,2026.09.21-11.35.52:876,ViewCameraComponent802_0,1,08,802,-8123.322,582.936,16670.000,-0.000000,-101.125716,0.000000,80.0,-50.0,40.0,-90.0,291.0
1-10-1001,2026.09.21-11.35.52:885,ViewCameraComponent1001_0,1,10,1001,-10693.843,2285.077,17470.000,0.000000,141.004155,-0.000000,80.0,-80.0,40.0,-90.0,141.0
1-10-1001,2026.09.21-11.35.52:885,ViewCameraComponent1001_1,1,10,1001,-11165.183,1281.504,17470.000,-0.000000,-173.156936,0.000000,80.0,-80.0,40.0,-90.0,186.0
1-10-1001,2026.09.21-11.35.52:885,ViewCameraComponent1001_2,1,10,1001,-10329.807,390.121,17470.000,-0.000000,-127.867799,0.000000,70.0,-70.0,40.0,-90.0,231.0
1-10-1001,2026.09.21-11.35.52:885,ViewCameraComponent1001_3,1,10,1001,-9125.227,-376.196,17470.000,-0.000000,-95.924648,0.000000,80.0,-80.0,40.0,-90.0,276.0
1-10-1001,2026.09.21-11.35.52:885,ViewCameraComponent1001_4,1,10,1001,-8428.065,207.614,17470.000,-0.000000,-92.198674,0.000000,80.0,-50.0,40.0,-90.0,291.0
1-10-1002,2026.09.21-11.35.52:885,ViewCameraComponent1002_0,1,10,1002,-8129.830,577.730,17470.000,-0.000000,-98.236977,0.000000,80.0,-50.0,40.0,-90.0,291.0
1-10-1002,2026.09.21-11.35.52:886,ViewCameraComponent1002_1,1,10,1002,-7473.301,1683.399,17470.000,0.000000,0.000000,-0.000000,80.0,-80.0,40.0,-90.0,6.0
1-10-1002,2026.09.21-11.35.52:886,ViewCameraComponent1002_2,1,10,1002,-8326.248,2705.547,17470.000,0.000000,51.063144,-0.000000,80.0,-80.0,40.0,-90.0,51.0
1-10-1002,2026.09.21-11.35.52:886,ViewCameraComponent1002_3,1,10,1002,-9509.088,3319.735,17470.000,0.000000,96.034482,-0.000000,80.0,-80.0,40.0,-90.0,96.0
1-10-1002,2026.09.21-11.35.52:886,ViewCameraComponent1002_4,1,10,1002,-10099.525,3020.650,17470.000,0.000000,141.004155,-0.000000,80.0,-80.0,40.0,-90.0,141.0
1-11-1101,2026.09.21-11.35.52:894,ViewCameraComponent1101_0,1,11,1101,-10131.318,2450.932,17870.000,0.000000,128.310913,-0.000000,100.0,-100.0,40.0,-90.0,141.0
1-11-1101,2026.09.21-11.35.52:894,ViewCameraComponent1101_1,1,11,1101,-10638.757,1691.771,17870.000,-0.000000,-173.156936,0.000000,60.0,-120.0,40.0,-90.0,186.0
1-11-1101,2026.09.21-11.35.52:894,ViewCameraComponent1101_2,1,11,1101,-10235.964,334.812,17870.000,-0.000000,-127.867799,0.000000,80.0,-80.0,40.0,-90.0,231.0
1-11-1101,2026.09.21-11.35.52:894,ViewCameraComponent1101_3,1,11,1101,-9125.227,-376.196,17870.000,-0.000000,-83.156936,0.000000,80.0,-80.0,40.0,-90.0,276.0
1-11-1101,2026.09.21-11.35.52:894,ViewCameraComponent1101_4,1,11,1101,-8024.434,730.186,17870.000,-0.000000,-27.464297,0.000000,80.0,-80.0,40.0,-90.0,321.0
1-11-1101,2026.09.21-11.35.52:894,ViewCameraComponent1101_5,1,11,1101,-7473.301,1683.399,17870.000,0.000000,0.000000,-0.000000,80.0,-80.0,40.0,-90.0,6.0
1-11-1101,2026.09.21-11.35.52:894,ViewCameraComponent1101_6,1,11,1101,-8402.937,2610.630,17870.000,0.000000,51.063144,-0.000000,80.0,-80.0,40.0,-90.0,51.0
1-11-1101,2026.09.21-11.35.52:894,ViewCameraComponent1101_7,1,11,1101,-9678.836,2897.685,17870.000,0.000000,101.589337,-0.000000,120.0,-60.0,40.0,-90.0,96.0
1-01-101,2026.09.21-11.35.52:899,ViewCameraComponent101_0,1,01,101,-10223.075,357.921,13760.000,-0.000000,-127.672994,0.000000,80.0,-80.0,40.0,-90.0,231.0
